,mean_perc_1,mean_perc_2
0,13.714277269521363,13.62221135131729
